
{
    "version":"3.5.3.v201804031105",
    "created":"2018-05-13 13:22",
    "nodestats":{
        "nodes":[
            {
                "id":"org.knime.base.node.preproc.filter.column.DataColumnSpecFilterNodeFactory#Column Filter",
                "nrexecs":60,
                "nrfails":0,
                "exectime":61,
                "nrcreated":0,
                "successor":"org.knime.base.node.mine.regression.predict3.RegressionPredictorNodeFactory2#Regression Predictor"
            },
            {
                "id":"org.knime.base.node.mine.treeensemble2.node.gradientboosting.learner.classification.GradientBoostingClassificationLearnerNodeFactory#Gradient Boosted Trees Learner",
                "nrexecs":56,
                "nrfails":0,
                "exectime":573270,
                "nrcreated":1,
                "successor":"org.knime.base.node.mine.treeensemble2.node.gradientboosting.predictor.classification.GradientBoostingClassificationPredictorNodeFactory#Gradient Boosted Trees Predictor"
            },
            {
                "id":"org.knime.base.node.meta.xvalidation.XValidatePartitionerFactory#X-Partitioner",
                "nrexecs":40,
                "nrfails":0,
                "exectime":18120,
                "nrcreated":0,
                "successor":"org.knime.base.node.mine.treeensemble2.node.gradientboosting.learner.classification.GradientBoostingClassificationLearnerNodeFactory#Gradient Boosted Trees Learner"
            },
            {
                "id":"org.knime.base.node.mine.treeensemble2.node.gradientboosting.predictor.classification.GradientBoostingClassificationPredictorNodeFactory#Gradient Boosted Trees Predictor",
                "nrexecs":60,
                "nrfails":0,
                "exectime":16643,
                "nrcreated":1,
                "successor":"org.knime.base.node.preproc.filter.column.DataColumnSpecFilterNodeFactory#Column Filter"
            },
            {
                "id":"org.knime.base.node.meta.xvalidation.AggregateOutputNodeFactory#X-Aggregator",
                "nrexecs":40,
                "nrfails":0,
                "exectime":3733,
                "nrcreated":0,
                "successor":"n/a"
            },
            {
                "id":"org.knime.base.node.mine.scorer.accuracy.AccuracyScorerNodeFactory#Scorer",
                "nrexecs":49,
                "nrfails":0,
                "exectime":28443,
                "nrcreated":1,
                "successor":"n/a"
            },
            {
                "id":"org.knime.base.node.viz.roc.ROCNodeFactory#ROC Curve",
                "nrexecs":34,
                "nrfails":0,
                "exectime":11576,
                "nrcreated":0,
                "successor":"n/a"
            },
            {
                "id":"org.knime.base.node.mine.treeensemble2.node.gradientboosting.learner.regression.GradientBoostingRegressionLearnerNodeFactory#Gradient Boosted Trees Learner (Regression)",
                "nrexecs":9,
                "nrfails":0,
                "exectime":71671,
                "nrcreated":2,
                "successor":"org.knime.base.node.mine.treeensemble2.node.gradientboosting.predictor.regression.GradientBoostingPredictorNodeFactory#Gradient Boosted Trees Predictor (Regression)"
            },
            {
                "id":"org.knime.base.node.mine.treeensemble2.node.gradientboosting.predictor.regression.GradientBoostingPredictorNodeFactory#Gradient Boosted Trees Predictor (Regression)",
                "nrexecs":17,
                "nrfails":0,
                "exectime":3620,
                "nrcreated":2,
                "successor":"org.knime.base.node.io.csvwriter.CSVWriterNodeFactory#CSV Writer"
            },
            {
                "id":"org.knime.base.node.preproc.partition.PartitionNodeFactory#Partitioning",
                "nrexecs":17,
                "nrfails":0,
                "exectime":8402,
                "nrcreated":0,
                "successor":"org.knime.base.node.mine.treeensemble2.node.gradientboosting.predictor.regression.GradientBoostingPredictorNodeFactory#Gradient Boosted Trees Predictor (Regression)"
            },
            {
                "id":"org.knime.base.node.viz.table.TableNodeFactory#Interactive Table",
                "nrexecs":59,
                "nrfails":0,
                "exectime":589,
                "nrcreated":0,
                "successor":"n/a"
            },
            {
                "id":"org.knime.base.node.mine.scorer.numeric.NumericScorerNodeFactory#Numeric Scorer",
                "nrexecs":23,
                "nrfails":2,
                "exectime":1381,
                "nrcreated":2,
                "successor":"n/a"
            },
            {
                "id":"org.knime.base.node.preproc.pmml.missingval.compute.MissingValueHandlerNodeFactory#Missing Value",
                "nrexecs":11,
                "nrfails":0,
                "exectime":7441,
                "nrcreated":1,
                "successor":"org.knime.base.node.preproc.partition.PartitionNodeFactory#Partitioning"
            },
            {
                "id":"org.knime.base.node.io.filereader.FileReaderNodeFactory#File Reader",
                "nrexecs":21,
                "nrfails":13,
                "exectime":7696,
                "nrcreated":0,
                "successor":"org.knime.base.node.preproc.filter.column.DataColumnSpecFilterNodeFactory#Column Filter"
            },
            {
                "id":"org.knime.base.node.preproc.columnaggregator.ColumnAggregatorNodeFactory#Column Aggregator",
                "nrexecs":9,
                "nrfails":0,
                "exectime":1936,
                "nrcreated":0,
                "successor":"org.knime.base.node.preproc.pmml.missingval.compute.MissingValueHandlerNodeFactory#Missing Value"
            },
            {
                "id":"org.knime.base.node.mine.regression.linear2.learner.LinReg2LearnerNodeFactory2#Linear Regression Learner",
                "nrexecs":14,
                "nrfails":4,
                "exectime":11522,
                "nrcreated":0,
                "successor":"org.knime.base.node.preproc.filter.column.DataColumnSpecFilterNodeFactory#Column Filter"
            },
            {
                "id":"org.knime.base.node.mine.regression.predict3.RegressionPredictorNodeFactory2#Regression Predictor",
                "nrexecs":16,
                "nrfails":0,
                "exectime":9051,
                "nrcreated":0,
                "successor":"org.knime.base.node.mine.scorer.numeric.NumericScorerNodeFactory#Numeric Scorer"
            },
            {
                "id":"org.knime.base.node.io.csvwriter.CSVWriterNodeFactory#CSV Writer",
                "nrexecs":12,
                "nrfails":2,
                "exectime":447,
                "nrcreated":1,
                "successor":"n/a"
            },
            {
                "id":"org.knime.base.node.mine.knn.KnnNodeFactory#K Nearest Neighbor",
                "nrexecs":18,
                "nrfails":0,
                "exectime":45946,
                "nrcreated":0,
                "successor":"org.knime.base.node.viz.roc.ROCNodeFactory#ROC Curve"
            },
            {
                "id":"org.knime.base.node.mine.decisiontree2.learner2.DecisionTreeLearnerNodeFactory3#Decision Tree Learner",
                "nrexecs":9,
                "nrfails":0,
                "exectime":12473,
                "nrcreated":0,
                "successor":"n/a"
            },
            {
                "id":"org.knime.base.node.mine.decisiontree2.predictor2.DecTreePredictorNodeFactory#Decision Tree Predictor",
                "nrexecs":9,
                "nrfails":0,
                "exectime":14054,
                "nrcreated":0,
                "successor":"n/a"
            },
            {
                "id":"org.knime.base.node.viz.liftchart.LiftChartNodeFactory#Lift Chart",
                "nrexecs":2,
                "nrfails":0,
                "exectime":392,
                "nrcreated":2,
                "successor":"n/a"
            }
        ],
        "metaNodes":{
            "nrexecs":0,
            "nrfails":0,
            "exectime":0,
            "nrcreated":0
        },
        "wrappedNodes":{
        }
    },
    "uptime":4268099,
    "workflowsOpened":20,
    "remoteWorkflowsOpened":0,
    "launches":6,
    "timeSinceLastStart":285086,
    "crashes":0,
    "properlyShutDown":true
}