<?xml version="1.0" encoding="UTF-8"?>
<config xmlns="http://www.knime.org/2008/09/XMLConfig" xmlns:xsi="http://www.w3.org/2001/XMLSchema-instance" xsi:schemaLocation="http://www.knime.org/2008/09/XMLConfig http://www.knime.org/XMLConfig_2008_09.xsd" key="MiningSchema">
<config key="learning">
<entry key="array-size" type="xint" value="30"/>
<entry key="0" type="xstring" value="NbSalaries"/>
<entry key="1" type="xstring" value="P1"/>
<entry key="2" type="xstring" value="P2"/>
<entry key="3" type="xstring" value="P3"/>
<entry key="4" type="xstring" value="P4"/>
<entry key="5" type="xstring" value="P5"/>
<entry key="6" type="xstring" value="P6"/>
<entry key="7" type="xstring" value="P7"/>
<entry key="8" type="xstring" value="P8"/>
<entry key="9" type="xstring" value="P9"/>
<entry key="10" type="xstring" value="P10"/>
<entry key="11" type="xstring" value="P11"/>
<entry key="12" type="xstring" value="P12"/>
<entry key="13" type="xstring" value="P13"/>
<entry key="14" type="xstring" value="P14"/>
<entry key="15" type="xstring" value="P15"/>
<entry key="16" type="xstring" value="P16"/>
<entry key="17" type="xstring" value="P17"/>
<entry key="18" type="xstring" value="P18"/>
<entry key="19" type="xstring" value="P19"/>
<entry key="20" type="xstring" value="P20"/>
<entry key="21" type="xstring" value="P21"/>
<entry key="22" type="xstring" value="P22"/>
<entry key="23" type="xstring" value="P23"/>
<entry key="24" type="xstring" value="P24"/>
<entry key="25" type="xstring" value="P25"/>
<entry key="26" type="xstring" value="P26"/>
<entry key="27" type="xstring" value="P27"/>
<entry key="28" type="xstring" value="P28"/>
<entry key="29" type="xstring" value="P29"/>
</config>
<config key="target">
<entry key="array-size" type="xint" value="1"/>
<entry key="0" type="xstring" value="CapaciteEmprunt"/>
</config>
</config>
